episode,normalized_cumulative_reward,final_rewards,best_reward,n_agents,comm_radius,movement_noise,sample_noise,model
0,0.44733890891075134,0.4890880584716797,0.8222252130508423,5,0.0,0.01,0.01,Best_RL
1,0.6353265047073364,0.633009135723114,0.8641833662986755,5,0.0,0.01,0.01,Best_RL
2,0.5715094804763794,0.5996564030647278,0.8878837823867798,5,0.0,0.01,0.01,Best_RL
3,0.4513859152793884,0.47206735610961914,0.8640116453170776,5,0.0,0.01,0.01,Best_RL
4,0.44100308418273926,0.47057992219924927,0.6397336721420288,5,0.0,0.01,0.01,Best_RL
5,0.5011715888977051,0.533626914024353,0.7388556599617004,5,0.0,0.01,0.01,Best_RL
6,0.5708104372024536,0.6254540085792542,0.654486358165741,5,0.0,0.01,0.01,Best_RL
7,0.5304530262947083,0.5589020252227783,0.8047716617584229,5,0.0,0.01,0.01,Best_RL
8,0.6085978746414185,0.638518750667572,0.7765614986419678,5,0.0,0.01,0.01,Best_RL
9,0.781216025352478,0.8014081120491028,0.962256669998169,5,0.0,0.01,0.01,Best_RL
10,0.648023784160614,0.6691896319389343,0.8863648176193237,5,0.0,0.01,0.01,Best_RL
11,0.48230037093162537,0.5511223673820496,0.6602131128311157,5,0.0,0.01,0.01,Best_RL
12,0.4435213506221771,0.4867030084133148,0.629611074924469,5,0.0,0.01,0.01,Best_RL
13,0.499246209859848,0.5229946970939636,0.774848997592926,5,0.0,0.01,0.01,Best_RL
14,0.5062135457992554,0.5361857414245605,0.8191139101982117,5,0.0,0.01,0.01,Best_RL
15,0.6266825795173645,0.6500037908554077,0.8701886534690857,5,0.0,0.01,0.01,Best_RL
16,0.4661664068698883,0.4748949110507965,0.7569386959075928,5,0.0,0.01,0.01,Best_RL
17,0.6508294939994812,0.6827675104141235,0.7432266473770142,5,0.0,0.01,0.01,Best_RL
18,0.3164782226085663,0.3473469316959381,0.6616407632827759,5,0.0,0.01,0.01,Best_RL
19,0.6972332000732422,0.7266743779182434,0.8804931640625,5,0.0,0.01,0.01,Best_RL
20,0.5428253412246704,0.6144663095474243,0.7985654473304749,5,0.0,0.01,0.01,Best_RL
21,0.47683078050613403,0.538716197013855,0.943767786026001,5,0.0,0.01,0.01,Best_RL
22,0.5936744809150696,0.6449145078659058,0.8866618871688843,5,0.0,0.01,0.01,Best_RL
23,0.35984450578689575,0.3806406855583191,0.9187831282615662,5,0.0,0.01,0.01,Best_RL
24,0.49283209443092346,0.5168517827987671,0.936460554599762,5,0.0,0.01,0.01,Best_RL
25,0.6119297742843628,0.62115478515625,0.8894729614257812,5,0.0,0.01,0.01,Best_RL
26,0.46095332503318787,0.47943440079689026,0.7922914028167725,5,0.0,0.01,0.01,Best_RL
27,0.6366764903068542,0.6732572913169861,0.9661824703216553,5,0.0,0.01,0.01,Best_RL
28,0.6559540033340454,0.6879194974899292,0.9269976019859314,5,0.0,0.01,0.01,Best_RL
29,0.6186475157737732,0.6351411938667297,0.8297760486602783,5,0.0,0.01,0.01,Best_RL
30,0.5933530926704407,0.6544092297554016,0.8669188618659973,5,0.0,0.01,0.01,Best_RL
31,0.5196430087089539,0.5604357719421387,0.9273777604103088,5,0.0,0.01,0.01,Best_RL
32,0.39104312658309937,0.4203726649284363,0.9076067805290222,5,0.0,0.01,0.01,Best_RL
33,0.5610431432723999,0.5634128451347351,0.8096625804901123,5,0.0,0.01,0.01,Best_RL
34,0.41896718740463257,0.4308772087097168,0.806699275970459,5,0.0,0.01,0.01,Best_RL
35,0.3806033432483673,0.3907567858695984,0.9244054555892944,5,0.0,0.01,0.01,Best_RL
36,0.8004573583602905,0.8178839683532715,0.8977383971214294,5,0.0,0.01,0.01,Best_RL
37,0.7338298559188843,0.7754446268081665,0.9186564087867737,5,0.0,0.01,0.01,Best_RL
38,0.6575226783752441,0.72044438123703,0.880844235420227,5,0.0,0.01,0.01,Best_RL
39,0.29525452852249146,0.4156557023525238,0.8787031173706055,5,0.0,0.01,0.01,Best_RL
40,0.397051066160202,0.4409247040748596,0.7444872260093689,5,0.0,0.01,0.01,Best_RL
41,0.6757901310920715,0.6922715306282043,0.9757168292999268,5,0.0,0.01,0.01,Best_RL
42,0.4059658944606781,0.4107680320739746,0.719204306602478,5,0.0,0.01,0.01,Best_RL
43,0.6235735416412354,0.6467114686965942,0.856173038482666,5,0.0,0.01,0.01,Best_RL
44,0.5626903772354126,0.6156450510025024,0.852196455001831,5,0.0,0.01,0.01,Best_RL
45,0.3612891137599945,0.3706951141357422,0.7207967042922974,5,0.0,0.01,0.01,Best_RL
46,0.5049151182174683,0.5264534950256348,0.9197278618812561,5,0.0,0.01,0.01,Best_RL
47,0.47709861397743225,0.6159697771072388,0.694831371307373,5,0.0,0.01,0.01,Best_RL
48,0.488783061504364,0.526293158531189,0.7058982849121094,5,0.0,0.01,0.01,Best_RL
49,0.5160647630691528,0.5316990613937378,0.7455349564552307,5,0.0,0.01,0.01,Best_RL
50,0.4568285048007965,0.48732656240463257,0.6002848148345947,5,0.0,0.01,0.01,Best_RL
51,0.2841704189777374,0.3222629129886627,0.6103857159614563,5,0.0,0.01,0.01,Best_RL
52,0.5397053956985474,0.5704706907272339,0.8301529884338379,5,0.0,0.01,0.01,Best_RL
53,0.5086638331413269,0.5509568452835083,0.8946682214736938,5,0.0,0.01,0.01,Best_RL
54,0.6919137239456177,0.7104517221450806,0.9655818939208984,5,0.0,0.01,0.01,Best_RL
55,0.5241164565086365,0.5472952723503113,0.9318304657936096,5,0.0,0.01,0.01,Best_RL
56,0.7045196294784546,0.7192625403404236,0.8543118238449097,5,0.0,0.01,0.01,Best_RL
57,0.530109703540802,0.5763661861419678,0.8273465037345886,5,0.0,0.01,0.01,Best_RL
58,0.40484827756881714,0.42757925391197205,0.7424041032791138,5,0.0,0.01,0.01,Best_RL
59,0.5754002928733826,0.5906730890274048,0.8334454894065857,5,0.0,0.01,0.01,Best_RL
60,0.49408769607543945,0.5596209168434143,0.7526130676269531,5,0.0,0.01,0.01,Best_RL
61,0.5208948254585266,0.6061518788337708,0.7605162858963013,5,0.0,0.01,0.01,Best_RL
62,0.5169464349746704,0.5796623229980469,0.8279367089271545,5,0.0,0.01,0.01,Best_RL
63,0.6995490789413452,0.7321134805679321,0.8719727396965027,5,0.0,0.01,0.01,Best_RL
64,0.4966770112514496,0.5298994779586792,0.81414794921875,5,0.0,0.01,0.01,Best_RL
65,0.6660705804824829,0.6793325543403625,0.9020298719406128,5,0.0,0.01,0.01,Best_RL
66,0.32829776406288147,0.35863375663757324,0.739879846572876,5,0.0,0.01,0.01,Best_RL
67,0.6385126113891602,0.6702829599380493,0.9486781358718872,5,0.0,0.01,0.01,Best_RL
68,0.4579100012779236,0.49496206641197205,0.7154008150100708,5,0.0,0.01,0.01,Best_RL
69,0.6012551784515381,0.6238631010055542,0.8263762593269348,5,0.0,0.01,0.01,Best_RL
70,0.5690093636512756,0.5826230645179749,0.9091333746910095,5,0.0,0.01,0.01,Best_RL
71,0.556789755821228,0.5755916833877563,0.8205998539924622,5,0.0,0.01,0.01,Best_RL
72,0.39652782678604126,0.43839192390441895,0.7317861914634705,5,0.0,0.01,0.01,Best_RL
73,0.45784053206443787,0.49470028281211853,0.8697867393493652,5,0.0,0.01,0.01,Best_RL
74,0.6715895533561707,0.6840265989303589,0.8286470770835876,5,0.0,0.01,0.01,Best_RL
75,0.4674654006958008,0.5179513692855835,0.7643241882324219,5,0.0,0.01,0.01,Best_RL
76,0.5263477563858032,0.558832049369812,0.8956597447395325,5,0.0,0.01,0.01,Best_RL
77,0.6421088576316833,0.669426679611206,0.9501534104347229,5,0.0,0.01,0.01,Best_RL
78,0.5618666410446167,0.5864617824554443,0.9124622941017151,5,0.0,0.01,0.01,Best_RL
79,0.16444885730743408,0.17402827739715576,0.3829500675201416,5,0.0,0.01,0.01,Best_RL
80,0.48510056734085083,0.5083603262901306,0.7765631079673767,5,0.0,0.01,0.01,Best_RL
81,0.5800641775131226,0.5994945764541626,0.8348862528800964,5,0.0,0.01,0.01,Best_RL
82,0.6676650643348694,0.6805734634399414,0.8511190414428711,5,0.0,0.01,0.01,Best_RL
83,0.5949786901473999,0.6070950627326965,0.9235016703605652,5,0.0,0.01,0.01,Best_RL
84,0.2647319436073303,0.2815309166908264,0.672562837600708,5,0.0,0.01,0.01,Best_RL
85,0.42415112257003784,0.4333686828613281,0.7403373122215271,5,0.0,0.01,0.01,Best_RL
86,0.7588752508163452,0.7896829843521118,0.9640703201293945,5,0.0,0.01,0.01,Best_RL
87,0.659609854221344,0.6865922808647156,0.8571376204490662,5,0.0,0.01,0.01,Best_RL
88,0.44953569769859314,0.47012704610824585,0.7076091766357422,5,0.0,0.01,0.01,Best_RL
89,0.7100566029548645,0.7334902882575989,0.9160022139549255,5,0.0,0.01,0.01,Best_RL
90,0.6388964056968689,0.6698313355445862,0.8847439289093018,5,0.0,0.01,0.01,Best_RL
91,0.5108022093772888,0.5189223289489746,0.8260003328323364,5,0.0,0.01,0.01,Best_RL
92,0.6248177289962769,0.6476608514785767,0.9180954098701477,5,0.0,0.01,0.01,Best_RL
93,0.6298621296882629,0.6678258180618286,0.8643086552619934,5,0.0,0.01,0.01,Best_RL
94,0.5864604115486145,0.6758986711502075,0.9883522987365723,5,0.0,0.01,0.01,Best_RL
95,0.6031359434127808,0.6207209825515747,0.8462883830070496,5,0.0,0.01,0.01,Best_RL
96,0.4096399247646332,0.4261476397514343,0.7634128332138062,5,0.0,0.01,0.01,Best_RL
97,0.5602948665618896,0.5812399387359619,0.8724676370620728,5,0.0,0.01,0.01,Best_RL
98,0.6174091100692749,0.6365912556648254,0.7959712743759155,5,0.0,0.01,0.01,Best_RL
99,0.43319839239120483,0.4674600660800934,0.6718935370445251,5,0.0,0.01,0.01,Best_RL
0,0.6545063853263855,0.6909568905830383,0.9128881096839905,5,0.0,0.01,0.05,Best_RL
1,0.6049491167068481,0.6792196035385132,0.8676928877830505,5,0.0,0.01,0.05,Best_RL
2,0.5594344735145569,0.590544581413269,0.8003003597259521,5,0.0,0.01,0.05,Best_RL
3,0.3770154118537903,0.4481610357761383,0.6169283986091614,5,0.0,0.01,0.05,Best_RL
4,0.43422526121139526,0.45142579078674316,0.9060013890266418,5,0.0,0.01,0.05,Best_RL
5,0.6691924333572388,0.7121028900146484,0.9656211137771606,5,0.0,0.01,0.05,Best_RL
6,0.363768070936203,0.38459905982017517,0.5847404599189758,5,0.0,0.01,0.05,Best_RL
7,0.700768768787384,0.7162534594535828,0.9403814077377319,5,0.0,0.01,0.05,Best_RL
8,0.45879215002059937,0.5500218272209167,0.9391462206840515,5,0.0,0.01,0.05,Best_RL
9,0.7163758277893066,0.7495859861373901,0.8809121251106262,5,0.0,0.01,0.05,Best_RL
10,0.5932074189186096,0.6072840690612793,0.7178472876548767,5,0.0,0.01,0.05,Best_RL
11,0.40104299783706665,0.4051523804664612,0.8261094689369202,5,0.0,0.01,0.05,Best_RL
12,0.6946021318435669,0.7541220784187317,0.8618102073669434,5,0.0,0.01,0.05,Best_RL
13,0.4485546946525574,0.4892222285270691,0.6161547303199768,5,0.0,0.01,0.05,Best_RL
14,0.5601998567581177,0.5896463394165039,0.7691293358802795,5,0.0,0.01,0.05,Best_RL
15,0.7968508005142212,0.8266013860702515,0.9141631126403809,5,0.0,0.01,0.05,Best_RL
16,0.5398756861686707,0.5644105672836304,0.8838091492652893,5,0.0,0.01,0.05,Best_RL
17,0.6586468815803528,0.7430680990219116,0.9479111433029175,5,0.0,0.01,0.05,Best_RL
18,0.4077194631099701,0.43428459763526917,0.9470290541648865,5,0.0,0.01,0.05,Best_RL
19,0.5153467059135437,0.5282602310180664,0.7246193885803223,5,0.0,0.01,0.05,Best_RL
20,0.48527008295059204,0.4925515651702881,0.7538323402404785,5,0.0,0.01,0.05,Best_RL
21,0.7778869867324829,0.7928439974784851,0.89865642786026,5,0.0,0.01,0.05,Best_RL
22,0.5457538366317749,0.6228219866752625,0.7769708633422852,5,0.0,0.01,0.05,Best_RL
23,0.6191638708114624,0.6475611329078674,0.7700755000114441,5,0.0,0.01,0.05,Best_RL
24,0.4256870746612549,0.46802669763565063,0.7837215065956116,5,0.0,0.01,0.05,Best_RL
25,0.4164120554924011,0.4694886803627014,0.8719163537025452,5,0.0,0.01,0.05,Best_RL
26,0.5851870775222778,0.6224344968795776,0.8727366328239441,5,0.0,0.01,0.05,Best_RL
27,0.6787852048873901,0.6895549893379211,0.9117704629898071,5,0.0,0.01,0.05,Best_RL
28,0.5805358290672302,0.6079980134963989,0.9033706188201904,5,0.0,0.01,0.05,Best_RL
29,0.39843741059303284,0.40642961859703064,0.7454497218132019,5,0.0,0.01,0.05,Best_RL
30,0.46391844749450684,0.5604771375656128,0.6036103963851929,5,0.0,0.01,0.05,Best_RL
31,0.3407856225967407,0.37213248014450073,0.5514072775840759,5,0.0,0.01,0.05,Best_RL
32,0.3921360373497009,0.4117276072502136,0.8231084942817688,5,0.0,0.01,0.05,Best_RL
33,0.4996935725212097,0.5251176953315735,0.8387491106987,5,0.0,0.01,0.05,Best_RL
34,0.5940667986869812,0.606988251209259,0.8557911515235901,5,0.0,0.01,0.05,Best_RL
35,0.7355384826660156,0.7619763016700745,0.9332826137542725,5,0.0,0.01,0.05,Best_RL
36,0.5833027362823486,0.6162034273147583,0.8470628261566162,5,0.0,0.01,0.05,Best_RL
37,0.4624687731266022,0.4912489056587219,0.6625087857246399,5,0.0,0.01,0.05,Best_RL
38,0.2061595618724823,0.25669580698013306,0.47487980127334595,5,0.0,0.01,0.05,Best_RL
39,0.5576735138893127,0.5974981188774109,0.9565328359603882,5,0.0,0.01,0.05,Best_RL
40,0.7248998284339905,0.76465904712677,0.8801879286766052,5,0.0,0.01,0.05,Best_RL
41,0.4920040965080261,0.5220159292221069,0.8868820667266846,5,0.0,0.01,0.05,Best_RL
42,0.6190377473831177,0.6330209970474243,0.8858267068862915,5,0.0,0.01,0.05,Best_RL
43,0.33105212450027466,0.3560348153114319,0.7797223329544067,5,0.0,0.01,0.05,Best_RL
44,0.4455687999725342,0.4604092240333557,0.6295344233512878,5,0.0,0.01,0.05,Best_RL
45,0.593563437461853,0.5905168652534485,0.7757912874221802,5,0.0,0.01,0.05,Best_RL
46,0.630632758140564,0.7276484370231628,0.9209080934524536,5,0.0,0.01,0.05,Best_RL
47,0.4710429310798645,0.4694899618625641,0.8693775534629822,5,0.0,0.01,0.05,Best_RL
48,0.4679146409034729,0.51474928855896,0.786348819732666,5,0.0,0.01,0.05,Best_RL
49,0.5335030555725098,0.5440074801445007,0.9184994697570801,5,0.0,0.01,0.05,Best_RL
50,0.4487029016017914,0.43701809644699097,0.7427031993865967,5,0.0,0.01,0.05,Best_RL
51,0.382360577583313,0.38737231492996216,0.6615918874740601,5,0.0,0.01,0.05,Best_RL
52,0.1780470907688141,0.1988772749900818,0.4186974763870239,5,0.0,0.01,0.05,Best_RL
53,0.5459181666374207,0.5747033357620239,0.8302419781684875,5,0.0,0.01,0.05,Best_RL
54,0.31448274850845337,0.31234756112098694,0.5061900615692139,5,0.0,0.01,0.05,Best_RL
55,0.5987023115158081,0.663183331489563,0.7749989032745361,5,0.0,0.01,0.05,Best_RL
56,0.4408954977989197,0.4655199646949768,0.7026812434196472,5,0.0,0.01,0.05,Best_RL
57,0.5278072953224182,0.5683295130729675,0.8302165269851685,5,0.0,0.01,0.05,Best_RL
58,0.4411797523498535,0.4754721224308014,0.9407587051391602,5,0.0,0.01,0.05,Best_RL
59,0.39525142312049866,0.42475825548171997,0.558288037776947,5,0.0,0.01,0.05,Best_RL
60,0.30035194754600525,0.31634727120399475,0.7863597869873047,5,0.0,0.01,0.05,Best_RL
61,0.4794648587703705,0.46770644187927246,0.6600637435913086,5,0.0,0.01,0.05,Best_RL
62,0.6469827890396118,0.6725660562515259,0.9107754230499268,5,0.0,0.01,0.05,Best_RL
63,0.6936864256858826,0.7121122479438782,0.8854056000709534,5,0.0,0.01,0.05,Best_RL
64,0.5416742563247681,0.5576716065406799,0.8886839747428894,5,0.0,0.01,0.05,Best_RL
65,0.7344701290130615,0.7502130270004272,0.8794995546340942,5,0.0,0.01,0.05,Best_RL
66,0.36701497435569763,0.3818151354789734,0.5065966248512268,5,0.0,0.01,0.05,Best_RL
67,0.6645307540893555,0.6975280046463013,0.8564008474349976,5,0.0,0.01,0.05,Best_RL
68,0.6258677244186401,0.6697584986686707,0.7981833815574646,5,0.0,0.01,0.05,Best_RL
69,0.7538160085678101,0.7631688117980957,0.8745062351226807,5,0.0,0.01,0.05,Best_RL
70,0.1759330779314041,0.21539263427257538,0.31292489171028137,5,0.0,0.01,0.05,Best_RL
71,0.5062040686607361,0.5505951642990112,0.7405844330787659,5,0.0,0.01,0.05,Best_RL
72,0.5276503562927246,0.5590208768844604,0.9165477156639099,5,0.0,0.01,0.05,Best_RL
73,0.26225224137306213,0.301399290561676,0.5944133996963501,5,0.0,0.01,0.05,Best_RL
74,0.5696978569030762,0.6287547945976257,0.853934109210968,5,0.0,0.01,0.05,Best_RL
75,0.628264307975769,0.6790398359298706,0.919902503490448,5,0.0,0.01,0.05,Best_RL
76,0.3240501880645752,0.36164581775665283,0.5992521643638611,5,0.0,0.01,0.05,Best_RL
77,0.4625532627105713,0.5326845049858093,0.6726574301719666,5,0.0,0.01,0.05,Best_RL
78,0.5027183294296265,0.5189396739006042,0.7631070613861084,5,0.0,0.01,0.05,Best_RL
79,0.6610066890716553,0.6877561807632446,0.814978837966919,5,0.0,0.01,0.05,Best_RL
80,0.28225570917129517,0.33586806058883667,0.6278373599052429,5,0.0,0.01,0.05,Best_RL
81,0.3343830704689026,0.3594856560230255,0.6524548530578613,5,0.0,0.01,0.05,Best_RL
82,0.5508829355239868,0.5908512473106384,0.7923274040222168,5,0.0,0.01,0.05,Best_RL
83,0.5024484395980835,0.4915202558040619,0.781462550163269,5,0.0,0.01,0.05,Best_RL
84,0.663608193397522,0.6622360348701477,0.8816448450088501,5,0.0,0.01,0.05,Best_RL
85,0.6232045292854309,0.6680289506912231,0.9031854271888733,5,0.0,0.01,0.05,Best_RL
86,0.511592447757721,0.5553936958312988,0.8132742047309875,5,0.0,0.01,0.05,Best_RL
87,0.5312036275863647,0.554111123085022,0.8642712235450745,5,0.0,0.01,0.05,Best_RL
88,0.6996139883995056,0.7161473035812378,0.9652756452560425,5,0.0,0.01,0.05,Best_RL
89,0.5823367238044739,0.5972118973731995,0.8416669368743896,5,0.0,0.01,0.05,Best_RL
90,0.6347801685333252,0.7361117601394653,0.8816391825675964,5,0.0,0.01,0.05,Best_RL
91,0.532756507396698,0.543392539024353,0.7859490513801575,5,0.0,0.01,0.05,Best_RL
92,0.4079349935054779,0.5500463247299194,0.8312728404998779,5,0.0,0.01,0.05,Best_RL
93,0.36962947249412537,0.37545841932296753,0.6277003288269043,5,0.0,0.01,0.05,Best_RL
94,0.24678854644298553,0.24411876499652863,0.5722931623458862,5,0.0,0.01,0.05,Best_RL
95,0.46924495697021484,0.47997617721557617,0.9382814168930054,5,0.0,0.01,0.05,Best_RL
96,0.2285553216934204,0.22661635279655457,0.5681734681129456,5,0.0,0.01,0.05,Best_RL
97,0.4193670153617859,0.4619530737400055,0.6627775430679321,5,0.0,0.01,0.05,Best_RL
98,0.4385251998901367,0.4344300627708435,0.5870360136032104,5,0.0,0.01,0.05,Best_RL
99,0.528860330581665,0.5435488820075989,0.8258264064788818,5,0.0,0.01,0.05,Best_RL
0,0.423006147146225,0.49886614084243774,0.9059581160545349,5,0.0,0.01,0.1,Best_RL
1,0.45572614669799805,0.49021267890930176,0.7923364043235779,5,0.0,0.01,0.1,Best_RL
2,0.613620400428772,0.5976864099502563,0.747829020023346,5,0.0,0.01,0.1,Best_RL
3,0.3424338400363922,0.49067187309265137,0.8140915632247925,5,0.0,0.01,0.1,Best_RL
4,0.646780788898468,0.7017711997032166,0.8532630205154419,5,0.0,0.01,0.1,Best_RL
5,0.5493567585945129,0.5763466358184814,0.6639081835746765,5,0.0,0.01,0.1,Best_RL
6,0.29320448637008667,0.32543855905532837,0.7854292392730713,5,0.0,0.01,0.1,Best_RL
7,0.4305341839790344,0.4605894088745117,0.877040445804596,5,0.0,0.01,0.1,Best_RL
8,0.5049425959587097,0.5617563724517822,0.8904791474342346,5,0.0,0.01,0.1,Best_RL
9,0.58674556016922,0.6859447956085205,0.8661852478981018,5,0.0,0.01,0.1,Best_RL
10,0.5008373856544495,0.5522316694259644,0.7359551787376404,5,0.0,0.01,0.1,Best_RL
11,0.20186910033226013,0.24979431927204132,0.36847177147865295,5,0.0,0.01,0.1,Best_RL
12,0.30121856927871704,0.3962934911251068,0.7675984501838684,5,0.0,0.01,0.1,Best_RL
13,0.540696382522583,0.5784233808517456,0.7200047373771667,5,0.0,0.01,0.1,Best_RL
14,0.5035478472709656,0.5532873272895813,0.86214679479599,5,0.0,0.01,0.1,Best_RL
15,0.47367262840270996,0.5508022308349609,0.7692147493362427,5,0.0,0.01,0.1,Best_RL
16,0.43818044662475586,0.4413343071937561,0.9610424637794495,5,0.0,0.01,0.1,Best_RL
17,0.4213182330131531,0.4508228302001953,0.7032807469367981,5,0.0,0.01,0.1,Best_RL
18,0.47137451171875,0.5567132830619812,0.8586207628250122,5,0.0,0.01,0.1,Best_RL
19,0.5565651655197144,0.5721744894981384,0.8241139054298401,5,0.0,0.01,0.1,Best_RL
20,0.5245035290718079,0.5963002443313599,0.7362801432609558,5,0.0,0.01,0.1,Best_RL
21,0.46107667684555054,0.4580984115600586,0.7502694129943848,5,0.0,0.01,0.1,Best_RL
22,0.6067790389060974,0.6654174327850342,0.8734390139579773,5,0.0,0.01,0.1,Best_RL
23,0.5802562832832336,0.5965486168861389,0.6732360124588013,5,0.0,0.01,0.1,Best_RL
24,0.5036697387695312,0.5251590013504028,0.7783941626548767,5,0.0,0.01,0.1,Best_RL
25,0.41369572281837463,0.4826580882072449,0.852957010269165,5,0.0,0.01,0.1,Best_RL
26,0.259964257478714,0.27529820799827576,0.5363430976867676,5,0.0,0.01,0.1,Best_RL
27,0.5801018476486206,0.6142276525497437,0.8371193408966064,5,0.0,0.01,0.1,Best_RL
28,0.523767352104187,0.6081494092941284,0.7616103887557983,5,0.0,0.01,0.1,Best_RL
29,0.4351526200771332,0.4691307544708252,0.7155490517616272,5,0.0,0.01,0.1,Best_RL
30,0.6422919034957886,0.6749941110610962,0.831097424030304,5,0.0,0.01,0.1,Best_RL
31,0.6199902296066284,0.657791256904602,0.7948945760726929,5,0.0,0.01,0.1,Best_RL
32,0.4879060387611389,0.5123600363731384,0.8358405232429504,5,0.0,0.01,0.1,Best_RL
33,0.5456146001815796,0.6138013601303101,0.8771021962165833,5,0.0,0.01,0.1,Best_RL
34,0.45200806856155396,0.499519407749176,0.6412147879600525,5,0.0,0.01,0.1,Best_RL
35,0.3376474678516388,0.3562968671321869,0.6516188383102417,5,0.0,0.01,0.1,Best_RL
36,0.35368940234184265,0.3558133542537689,0.9382659792900085,5,0.0,0.01,0.1,Best_RL
37,0.5245823860168457,0.5434776544570923,0.8620725870132446,5,0.0,0.01,0.1,Best_RL
38,0.4927774965763092,0.5554236769676208,0.7453684210777283,5,0.0,0.01,0.1,Best_RL
39,0.3242933452129364,0.2902984321117401,0.6746538281440735,5,0.0,0.01,0.1,Best_RL
40,0.6999551057815552,0.7446757555007935,0.9101796746253967,5,0.0,0.01,0.1,Best_RL
41,0.46478477120399475,0.4953208863735199,0.8167365193367004,5,0.0,0.01,0.1,Best_RL
42,0.6740936636924744,0.6825128197669983,0.8333256840705872,5,0.0,0.01,0.1,Best_RL
43,0.6135513186454773,0.6231996417045593,0.8273237347602844,5,0.0,0.01,0.1,Best_RL
44,0.39384061098098755,0.3806222677230835,0.9794889092445374,5,0.0,0.01,0.1,Best_RL
45,0.5931534767150879,0.6362038254737854,0.8188661932945251,5,0.0,0.01,0.1,Best_RL
46,0.573757529258728,0.6247110366821289,0.8110328912734985,5,0.0,0.01,0.1,Best_RL
47,0.5241912007331848,0.5874568223953247,0.9151504039764404,5,0.0,0.01,0.1,Best_RL
48,0.6255685091018677,0.6147691607475281,0.8326361179351807,5,0.0,0.01,0.1,Best_RL
49,0.5341947674751282,0.6027384996414185,0.8474248051643372,5,0.0,0.01,0.1,Best_RL
50,0.36892640590667725,0.3596823811531067,0.7103461027145386,5,0.0,0.01,0.1,Best_RL
51,0.6028281450271606,0.6579843759536743,0.8696508407592773,5,0.0,0.01,0.1,Best_RL
52,0.6618149280548096,0.6271470785140991,0.873758852481842,5,0.0,0.01,0.1,Best_RL
53,0.7807184457778931,0.8467958569526672,0.9778302907943726,5,0.0,0.01,0.1,Best_RL
54,0.30630889534950256,0.2909354567527771,0.8504817485809326,5,0.0,0.01,0.1,Best_RL
55,0.3755269944667816,0.37406033277511597,0.7485131621360779,5,0.0,0.01,0.1,Best_RL
56,0.39971110224723816,0.43438753485679626,0.5501989126205444,5,0.0,0.01,0.1,Best_RL
57,0.49109140038490295,0.5003248453140259,0.7862640619277954,5,0.0,0.01,0.1,Best_RL
58,0.5710200071334839,0.5745173096656799,0.9054833054542542,5,0.0,0.01,0.1,Best_RL
59,0.35000449419021606,0.3947021961212158,0.757970929145813,5,0.0,0.01,0.1,Best_RL
60,0.5151179432868958,0.5313757061958313,0.841759979724884,5,0.0,0.01,0.1,Best_RL
61,0.34723570942878723,0.3438800275325775,0.5620886087417603,5,0.0,0.01,0.1,Best_RL
62,0.3828912377357483,0.4508354067802429,0.9161941409111023,5,0.0,0.01,0.1,Best_RL
63,0.4506310820579529,0.43846648931503296,0.8373939990997314,5,0.0,0.01,0.1,Best_RL
64,0.5745408535003662,0.5970050096511841,0.8695553541183472,5,0.0,0.01,0.1,Best_RL
65,0.6164247989654541,0.5969856977462769,0.8651794195175171,5,0.0,0.01,0.1,Best_RL
66,0.45251625776290894,0.45371168851852417,0.6565515995025635,5,0.0,0.01,0.1,Best_RL
67,0.48010149598121643,0.5314071774482727,0.7708300352096558,5,0.0,0.01,0.1,Best_RL
68,0.41215819120407104,0.447608083486557,0.6725917458534241,5,0.0,0.01,0.1,Best_RL
69,0.5871894955635071,0.5812405347824097,0.7619410753250122,5,0.0,0.01,0.1,Best_RL
70,0.43397337198257446,0.49240365624427795,0.7728466391563416,5,0.0,0.01,0.1,Best_RL
71,0.46276193857192993,0.4760114550590515,0.7205765843391418,5,0.0,0.01,0.1,Best_RL
72,0.3577316105365753,0.39290112257003784,0.6672794222831726,5,0.0,0.01,0.1,Best_RL
73,0.24232932925224304,0.276072233915329,0.8962398171424866,5,0.0,0.01,0.1,Best_RL
74,0.4855543076992035,0.5294997692108154,0.7648171782493591,5,0.0,0.01,0.1,Best_RL
75,0.41894373297691345,0.4649809002876282,0.7326667904853821,5,0.0,0.01,0.1,Best_RL
76,0.5009270906448364,0.5164744257926941,0.8344110250473022,5,0.0,0.01,0.1,Best_RL
77,0.4316725730895996,0.49668222665786743,0.8103582262992859,5,0.0,0.01,0.1,Best_RL
78,0.5419958829879761,0.5617376565933228,0.8869634866714478,5,0.0,0.01,0.1,Best_RL
79,0.42450642585754395,0.4769198000431061,0.8178529143333435,5,0.0,0.01,0.1,Best_RL
80,0.6842374801635742,0.6975634694099426,0.8473243713378906,5,0.0,0.01,0.1,Best_RL
81,0.13118337094783783,0.19916705787181854,0.46215784549713135,5,0.0,0.01,0.1,Best_RL
82,0.6555703282356262,0.7228493094444275,0.9001345038414001,5,0.0,0.01,0.1,Best_RL
83,0.6604306697845459,0.6809526681900024,0.9324483275413513,5,0.0,0.01,0.1,Best_RL
84,0.6297303438186646,0.6936312913894653,0.9127845168113708,5,0.0,0.01,0.1,Best_RL
85,0.5553432703018188,0.5772943496704102,0.8570917844772339,5,0.0,0.01,0.1,Best_RL
86,0.5315554738044739,0.5915663838386536,0.8980873227119446,5,0.0,0.01,0.1,Best_RL
87,0.3285824656486511,0.387533038854599,0.6145438551902771,5,0.0,0.01,0.1,Best_RL
88,0.4968937039375305,0.5391405820846558,0.6877335906028748,5,0.0,0.01,0.1,Best_RL
89,0.44506311416625977,0.4790821969509125,0.6873900294303894,5,0.0,0.01,0.1,Best_RL
90,0.5522159934043884,0.6333891153335571,0.906035840511322,5,0.0,0.01,0.1,Best_RL
91,0.4590679109096527,0.49263691902160645,0.8970752954483032,5,0.0,0.01,0.1,Best_RL
92,0.5090727210044861,0.49805983901023865,0.8724818229675293,5,0.0,0.01,0.1,Best_RL
93,0.5438252687454224,0.5514786839485168,0.7296247482299805,5,0.0,0.01,0.1,Best_RL
94,0.4043223261833191,0.3744402527809143,0.7056204080581665,5,0.0,0.01,0.1,Best_RL
95,0.6459525227546692,0.6708431243896484,0.8841843008995056,5,0.0,0.01,0.1,Best_RL
96,0.6241055727005005,0.6733784675598145,0.7679181694984436,5,0.0,0.01,0.1,Best_RL
97,0.5349575877189636,0.5646689534187317,0.9136212468147278,5,0.0,0.01,0.1,Best_RL
98,0.5830773711204529,0.630521297454834,0.9074593186378479,5,0.0,0.01,0.1,Best_RL
99,0.5901385545730591,0.6508834958076477,0.8777950406074524,5,0.0,0.01,0.1,Best_RL
0,0.5615758895874023,0.6222355365753174,0.9610039591789246,5,0.0,0.05,0.01,Best_RL
1,0.686271071434021,0.7202075123786926,0.8787669539451599,5,0.0,0.05,0.01,Best_RL
2,0.7327662110328674,0.7458586096763611,0.8659164309501648,5,0.0,0.05,0.01,Best_RL
3,0.7506588101387024,0.7851974368095398,0.958342432975769,5,0.0,0.05,0.01,Best_RL
4,0.6051471829414368,0.6259665489196777,0.83620285987854,5,0.0,0.05,0.01,Best_RL
5,0.6955097317695618,0.7092924118041992,0.9804112911224365,5,0.0,0.05,0.01,Best_RL
6,0.7324661016464233,0.7602931261062622,0.8775445818901062,5,0.0,0.05,0.01,Best_RL
7,0.4053182005882263,0.5032981038093567,0.8645448088645935,5,0.0,0.05,0.01,Best_RL
8,0.3870077431201935,0.40408745408058167,0.552169919013977,5,0.0,0.05,0.01,Best_RL
9,0.6884189248085022,0.7352117896080017,0.8229167461395264,5,0.0,0.05,0.01,Best_RL
10,0.49760541319847107,0.5157005786895752,0.7727124691009521,5,0.0,0.05,0.01,Best_RL
11,0.39881303906440735,0.4137331545352936,0.688995897769928,5,0.0,0.05,0.01,Best_RL
12,0.42528876662254333,0.43861469626426697,0.8504008054733276,5,0.0,0.05,0.01,Best_RL
13,0.5784310698509216,0.6473082304000854,0.8289844989776611,5,0.0,0.05,0.01,Best_RL
14,0.5566822290420532,0.5775519013404846,0.8537045121192932,5,0.0,0.05,0.01,Best_RL
15,0.6303129196166992,0.6634169816970825,0.9467630386352539,5,0.0,0.05,0.01,Best_RL
16,0.41461437940597534,0.48130226135253906,0.7387221455574036,5,0.0,0.05,0.01,Best_RL
17,0.6026302576065063,0.6348997950553894,0.8265814781188965,5,0.0,0.05,0.01,Best_RL
18,0.4634335935115814,0.474904865026474,0.7688044309616089,5,0.0,0.05,0.01,Best_RL
19,0.6472264528274536,0.6925097107887268,0.904266893863678,5,0.0,0.05,0.01,Best_RL
20,0.46607357263565063,0.48144620656967163,0.8915473818778992,5,0.0,0.05,0.01,Best_RL
21,0.518283486366272,0.5504586100578308,0.8567630052566528,5,0.0,0.05,0.01,Best_RL
22,0.700812041759491,0.7267708778381348,0.962203323841095,5,0.0,0.05,0.01,Best_RL
23,0.5616296529769897,0.5755082964897156,0.8391789793968201,5,0.0,0.05,0.01,Best_RL
24,0.576413631439209,0.5977195501327515,0.803882896900177,5,0.0,0.05,0.01,Best_RL
25,0.5098909139633179,0.5517956018447876,0.9520362019538879,5,0.0,0.05,0.01,Best_RL
26,0.5085962414741516,0.5328376889228821,0.8797307014465332,5,0.0,0.05,0.01,Best_RL
27,0.44176816940307617,0.47748035192489624,0.6192567944526672,5,0.0,0.05,0.01,Best_RL
28,0.5768298506736755,0.5889097452163696,0.7224016189575195,5,0.0,0.05,0.01,Best_RL
29,0.3623468577861786,0.4044044613838196,0.7107967138290405,5,0.0,0.05,0.01,Best_RL
30,0.5629891157150269,0.6447548866271973,0.7968232035636902,5,0.0,0.05,0.01,Best_RL
31,0.49362412095069885,0.506874680519104,0.8656453490257263,5,0.0,0.05,0.01,Best_RL
32,0.41490381956100464,0.4873560965061188,0.6937865018844604,5,0.0,0.05,0.01,Best_RL
33,0.5901428461074829,0.6864326000213623,0.9573613405227661,5,0.0,0.05,0.01,Best_RL
34,0.5455421209335327,0.5632522106170654,0.9202659130096436,5,0.0,0.05,0.01,Best_RL
35,0.5786278247833252,0.5937970876693726,0.882798969745636,5,0.0,0.05,0.01,Best_RL
36,0.27649736404418945,0.2853265404701233,0.43565401434898376,5,0.0,0.05,0.01,Best_RL
37,0.6273984313011169,0.6793898344039917,0.8634174466133118,5,0.0,0.05,0.01,Best_RL
38,0.6262309551239014,0.6653429269790649,0.8881444334983826,5,0.0,0.05,0.01,Best_RL
39,0.5867226719856262,0.6208993196487427,0.8119717240333557,5,0.0,0.05,0.01,Best_RL
40,0.7208672165870667,0.7681700587272644,0.9195087552070618,5,0.0,0.05,0.01,Best_RL
41,0.4500919282436371,0.47458982467651367,0.6230474710464478,5,0.0,0.05,0.01,Best_RL
42,0.3994128406047821,0.463084876537323,0.6114553809165955,5,0.0,0.05,0.01,Best_RL
43,0.3397638499736786,0.3802250027656555,0.8123982548713684,5,0.0,0.05,0.01,Best_RL
44,0.6347014904022217,0.6622774600982666,0.8449525833129883,5,0.0,0.05,0.01,Best_RL
45,0.504473090171814,0.5191721320152283,0.8758432865142822,5,0.0,0.05,0.01,Best_RL
46,0.4630841314792633,0.49714288115501404,0.6754729151725769,5,0.0,0.05,0.01,Best_RL
47,0.5840626955032349,0.6035557389259338,0.8193036317825317,5,0.0,0.05,0.01,Best_RL
48,0.5176920294761658,0.6309288740158081,0.8953201174736023,5,0.0,0.05,0.01,Best_RL
49,0.450936496257782,0.5809558033943176,0.7985183000564575,5,0.0,0.05,0.01,Best_RL
50,0.5286723375320435,0.5360639095306396,0.8436620235443115,5,0.0,0.05,0.01,Best_RL
51,0.553841769695282,0.584781289100647,0.8331108689308167,5,0.0,0.05,0.01,Best_RL
52,0.38849082589149475,0.4057075083255768,0.6174851655960083,5,0.0,0.05,0.01,Best_RL
53,0.5743674039840698,0.5810620784759521,0.9218066334724426,5,0.0,0.05,0.01,Best_RL
54,0.5946897268295288,0.6273247003555298,0.8156329989433289,5,0.0,0.05,0.01,Best_RL
55,0.3986772298812866,0.41733211278915405,0.6376225352287292,5,0.0,0.05,0.01,Best_RL
56,0.34801775217056274,0.35870489478111267,0.7451443076133728,5,0.0,0.05,0.01,Best_RL
57,0.45957207679748535,0.47564345598220825,0.940122663974762,5,0.0,0.05,0.01,Best_RL
58,0.7718017101287842,0.8665617108345032,0.9137824177742004,5,0.0,0.05,0.01,Best_RL
59,0.5440358519554138,0.6100394129753113,0.8523023724555969,5,0.0,0.05,0.01,Best_RL
60,0.583840548992157,0.5933431386947632,0.7608943581581116,5,0.0,0.05,0.01,Best_RL
61,0.48881012201309204,0.5113461017608643,0.8632553815841675,5,0.0,0.05,0.01,Best_RL
62,0.5485607981681824,0.5747225880622864,0.7874024510383606,5,0.0,0.05,0.01,Best_RL
63,0.5285955667495728,0.540797233581543,0.8407965302467346,5,0.0,0.05,0.01,Best_RL
64,0.2992091178894043,0.3230080008506775,0.5781959891319275,5,0.0,0.05,0.01,Best_RL
65,0.6350740194320679,0.6568032503128052,0.9394810795783997,5,0.0,0.05,0.01,Best_RL
66,0.5136758685112,0.5362696647644043,0.7995553016662598,5,0.0,0.05,0.01,Best_RL
67,0.5192486047744751,0.5425496101379395,0.7354870438575745,5,0.0,0.05,0.01,Best_RL
68,0.4331344664096832,0.4627210199832916,0.8265552520751953,5,0.0,0.05,0.01,Best_RL
69,0.6093437075614929,0.6260887384414673,0.7136929631233215,5,0.0,0.05,0.01,Best_RL
70,0.35366085171699524,0.37650710344314575,0.6870926022529602,5,0.0,0.05,0.01,Best_RL
71,0.6932005286216736,0.7201615571975708,0.8804495334625244,5,0.0,0.05,0.01,Best_RL
72,0.7314907908439636,0.7505743503570557,0.9395776391029358,5,0.0,0.05,0.01,Best_RL
73,0.5407233238220215,0.5629639029502869,0.8332052230834961,5,0.0,0.05,0.01,Best_RL
74,0.6196962594985962,0.6274555325508118,0.7848934531211853,5,0.0,0.05,0.01,Best_RL
75,0.4437587261199951,0.4666718542575836,0.838220477104187,5,0.0,0.05,0.01,Best_RL
76,0.5868858098983765,0.6649312973022461,0.8435030579566956,5,0.0,0.05,0.01,Best_RL
77,0.5355315208435059,0.5751226544380188,0.7997689247131348,5,0.0,0.05,0.01,Best_RL
78,0.439169704914093,0.4385249614715576,0.9037483930587769,5,0.0,0.05,0.01,Best_RL
79,0.5437763333320618,0.5778084993362427,0.7441169619560242,5,0.0,0.05,0.01,Best_RL
80,0.7204462289810181,0.7380209565162659,0.8955885767936707,5,0.0,0.05,0.01,Best_RL
81,0.5988444089889526,0.6406564712524414,0.8545566201210022,5,0.0,0.05,0.01,Best_RL
82,0.48057809472084045,0.5019010305404663,0.6619477868080139,5,0.0,0.05,0.01,Best_RL
83,0.36694473028182983,0.36643195152282715,0.7695907354354858,5,0.0,0.05,0.01,Best_RL
84,0.5243889093399048,0.6167482733726501,0.9269083142280579,5,0.0,0.05,0.01,Best_RL
85,0.579827606678009,0.6293028593063354,0.8201064467430115,5,0.0,0.05,0.01,Best_RL
86,0.4830337166786194,0.5062862038612366,0.6638022661209106,5,0.0,0.05,0.01,Best_RL
87,0.4196986258029938,0.442971408367157,0.5525098443031311,5,0.0,0.05,0.01,Best_RL
88,0.550434947013855,0.5833364129066467,0.8421238660812378,5,0.0,0.05,0.01,Best_RL
89,0.6042029857635498,0.6777852773666382,0.8998537063598633,5,0.0,0.05,0.01,Best_RL
90,0.42565637826919556,0.4843704104423523,0.6683796048164368,5,0.0,0.05,0.01,Best_RL
91,0.5617390871047974,0.5882344245910645,0.8660700917243958,5,0.0,0.05,0.01,Best_RL
92,0.5817068815231323,0.6038862466812134,0.9329102039337158,5,0.0,0.05,0.01,Best_RL
93,0.22695770859718323,0.2786601185798645,0.5389304161071777,5,0.0,0.05,0.01,Best_RL
94,0.5383270382881165,0.5911796689033508,0.8310956954956055,5,0.0,0.05,0.01,Best_RL
95,0.36995938420295715,0.38331761956214905,0.6869606375694275,5,0.0,0.05,0.01,Best_RL
96,0.42525315284729004,0.43981391191482544,0.6141424179077148,5,0.0,0.05,0.01,Best_RL
97,0.6510259509086609,0.6816803812980652,0.9405193328857422,5,0.0,0.05,0.01,Best_RL
98,0.44142216444015503,0.48165249824523926,0.8112099170684814,5,0.0,0.05,0.01,Best_RL
99,0.6538311243057251,0.6832913160324097,0.8719080686569214,5,0.0,0.05,0.01,Best_RL
0,0.5720935463905334,0.6281777620315552,0.9313008785247803,5,0.0,0.05,0.05,Best_RL
1,0.5376608371734619,0.5449844598770142,0.9153985381126404,5,0.0,0.05,0.05,Best_RL
2,0.6299282312393188,0.635459303855896,0.9844470024108887,5,0.0,0.05,0.05,Best_RL
3,0.5386050343513489,0.5522564053535461,0.9158396124839783,5,0.0,0.05,0.05,Best_RL
4,0.6368974447250366,0.6795604228973389,0.8510766625404358,5,0.0,0.05,0.05,Best_RL
5,0.5920346975326538,0.5832897424697876,0.7576072216033936,5,0.0,0.05,0.05,Best_RL
6,0.6628111004829407,0.7229308485984802,0.8824610710144043,5,0.0,0.05,0.05,Best_RL
7,0.43295717239379883,0.4774690568447113,0.9133668541908264,5,0.0,0.05,0.05,Best_RL
8,0.5097184181213379,0.5654032230377197,0.7472091913223267,5,0.0,0.05,0.05,Best_RL
9,0.6378431916236877,0.7174926996231079,0.9392624497413635,5,0.0,0.05,0.05,Best_RL
10,0.5124341249465942,0.538787841796875,0.8169289231300354,5,0.0,0.05,0.05,Best_RL
11,0.5862110257148743,0.5997905135154724,0.8724627494812012,5,0.0,0.05,0.05,Best_RL
12,0.632853627204895,0.663500964641571,0.8510708212852478,5,0.0,0.05,0.05,Best_RL
13,0.44749218225479126,0.49176159501075745,0.851386547088623,5,0.0,0.05,0.05,Best_RL
14,0.35376033186912537,0.431659996509552,0.7188918590545654,5,0.0,0.05,0.05,Best_RL
15,0.39314091205596924,0.42977848649024963,0.7510591745376587,5,0.0,0.05,0.05,Best_RL
16,0.4185798764228821,0.4946930408477783,0.7630459070205688,5,0.0,0.05,0.05,Best_RL
17,0.37558823823928833,0.4149092137813568,0.7026066780090332,5,0.0,0.05,0.05,Best_RL
18,0.44876259565353394,0.5053016543388367,0.7091853618621826,5,0.0,0.05,0.05,Best_RL
19,0.5654056668281555,0.6069937944412231,0.914836049079895,5,0.0,0.05,0.05,Best_RL
20,0.4928385615348816,0.5057328343391418,0.8059608340263367,5,0.0,0.05,0.05,Best_RL
21,0.7090321779251099,0.8104007840156555,0.9048267602920532,5,0.0,0.05,0.05,Best_RL
22,0.3139386773109436,0.46953606605529785,0.7988225221633911,5,0.0,0.05,0.05,Best_RL
23,0.48165470361709595,0.5077253580093384,0.7448200583457947,5,0.0,0.05,0.05,Best_RL
24,0.43294596672058105,0.4549354910850525,0.818281888961792,5,0.0,0.05,0.05,Best_RL
25,0.20183348655700684,0.27422380447387695,0.4344819188117981,5,0.0,0.05,0.05,Best_RL
26,0.7011374235153198,0.7016595005989075,0.981120765209198,5,0.0,0.05,0.05,Best_RL
27,0.6465106010437012,0.6337252855300903,0.8979088664054871,5,0.0,0.05,0.05,Best_RL
28,0.6769682168960571,0.7132176160812378,0.9235134720802307,5,0.0,0.05,0.05,Best_RL
29,0.6340476870536804,0.6716334819793701,0.8885985016822815,5,0.0,0.05,0.05,Best_RL
30,0.5371145606040955,0.5488811731338501,0.6226392388343811,5,0.0,0.05,0.05,Best_RL
31,0.46359163522720337,0.5807154774665833,0.7900608777999878,5,0.0,0.05,0.05,Best_RL
32,0.6233870387077332,0.6450759768486023,0.8313208222389221,5,0.0,0.05,0.05,Best_RL
33,0.6256904602050781,0.6907363533973694,0.8336411118507385,5,0.0,0.05,0.05,Best_RL
34,0.40282779932022095,0.47179684042930603,0.9549838304519653,5,0.0,0.05,0.05,Best_RL
35,0.4213375449180603,0.4128555357456207,0.7716938257217407,5,0.0,0.05,0.05,Best_RL
36,0.6383398771286011,0.6705079078674316,0.8839440941810608,5,0.0,0.05,0.05,Best_RL
37,0.6707290410995483,0.7493740320205688,0.8552966713905334,5,0.0,0.05,0.05,Best_RL
38,0.6682971119880676,0.7694599032402039,0.9194934368133545,5,0.0,0.05,0.05,Best_RL
39,0.45291799306869507,0.504441499710083,0.8137195110321045,5,0.0,0.05,0.05,Best_RL
40,0.5418952703475952,0.563125729560852,0.889257550239563,5,0.0,0.05,0.05,Best_RL
41,0.4454123377799988,0.5051275491714478,0.8250635266304016,5,0.0,0.05,0.05,Best_RL
42,0.45394840836524963,0.4829902648925781,0.6703956723213196,5,0.0,0.05,0.05,Best_RL
43,0.6223684549331665,0.6432443261146545,0.8536289930343628,5,0.0,0.05,0.05,Best_RL
44,0.6431124210357666,0.6632624864578247,0.9081022143363953,5,0.0,0.05,0.05,Best_RL
45,0.5883339047431946,0.6419057846069336,0.7992561459541321,5,0.0,0.05,0.05,Best_RL
46,0.3910340368747711,0.37018832564353943,0.739582359790802,5,0.0,0.05,0.05,Best_RL
47,0.34249141812324524,0.3926491141319275,0.7811247706413269,5,0.0,0.05,0.05,Best_RL
48,0.4317081570625305,0.5430687069892883,0.692711353302002,5,0.0,0.05,0.05,Best_RL
49,0.32612326741218567,0.37380707263946533,0.9218555688858032,5,0.0,0.05,0.05,Best_RL
50,0.37032854557037354,0.4706750810146332,0.8944764137268066,5,0.0,0.05,0.05,Best_RL
51,0.5720212459564209,0.6220092177391052,0.8878272771835327,5,0.0,0.05,0.05,Best_RL
52,0.6639569997787476,0.6927937269210815,0.8962356448173523,5,0.0,0.05,0.05,Best_RL
53,0.5045482516288757,0.5195208787918091,0.8218040466308594,5,0.0,0.05,0.05,Best_RL
54,0.669953465461731,0.6694567799568176,0.9217455387115479,5,0.0,0.05,0.05,Best_RL
55,0.49456900358200073,0.5259877443313599,0.7278118133544922,5,0.0,0.05,0.05,Best_RL
56,0.4859568476676941,0.5183147192001343,0.8107119202613831,5,0.0,0.05,0.05,Best_RL
57,0.4379836618900299,0.4676564335823059,0.9119228720664978,5,0.0,0.05,0.05,Best_RL
58,0.674172580242157,0.6803011894226074,0.8295860886573792,5,0.0,0.05,0.05,Best_RL
59,0.5453479886054993,0.5710073709487915,0.8444065451622009,5,0.0,0.05,0.05,Best_RL
60,0.3244169354438782,0.30522868037223816,0.8414260149002075,5,0.0,0.05,0.05,Best_RL
61,0.5501675605773926,0.5925243496894836,0.7785707712173462,5,0.0,0.05,0.05,Best_RL
62,0.6305714845657349,0.6885493397712708,0.8539608716964722,5,0.0,0.05,0.05,Best_RL
63,0.3276122212409973,0.3244723379611969,0.6082473993301392,5,0.0,0.05,0.05,Best_RL
64,0.5325595140457153,0.6158258318901062,0.8736252188682556,5,0.0,0.05,0.05,Best_RL
65,0.45203208923339844,0.4882437586784363,0.8044356107711792,5,0.0,0.05,0.05,Best_RL
66,0.4256123900413513,0.4307648241519928,0.8481345772743225,5,0.0,0.05,0.05,Best_RL
67,0.8688458204269409,0.9039454460144043,0.9561987519264221,5,0.0,0.05,0.05,Best_RL
68,0.4758285582065582,0.5081454515457153,0.9186099171638489,5,0.0,0.05,0.05,Best_RL
69,0.3142628073692322,0.3473132252693176,0.7847217321395874,5,0.0,0.05,0.05,Best_RL
70,0.4636186957359314,0.4696866571903229,0.5567690134048462,5,0.0,0.05,0.05,Best_RL
71,0.6290946006774902,0.6250316500663757,0.8227354884147644,5,0.0,0.05,0.05,Best_RL
72,0.4437049329280853,0.5318602919578552,0.8750233054161072,5,0.0,0.05,0.05,Best_RL
73,0.30680277943611145,0.3556428551673889,0.6821233630180359,5,0.0,0.05,0.05,Best_RL
74,0.45198553800582886,0.4618743062019348,0.7828375101089478,5,0.0,0.05,0.05,Best_RL
75,0.7039416432380676,0.7206616997718811,0.9247746467590332,5,0.0,0.05,0.05,Best_RL
76,0.40280628204345703,0.42800140380859375,0.7359527945518494,5,0.0,0.05,0.05,Best_RL
77,0.5102307200431824,0.5217531323432922,0.9380455613136292,5,0.0,0.05,0.05,Best_RL
78,0.6384819746017456,0.6767618060112,0.7783363461494446,5,0.0,0.05,0.05,Best_RL
79,0.35634830594062805,0.3804042935371399,0.7254431247711182,5,0.0,0.05,0.05,Best_RL
80,0.5159615278244019,0.5421279072761536,0.8159393668174744,5,0.0,0.05,0.05,Best_RL
81,0.4538814425468445,0.4395795464515686,0.8393459916114807,5,0.0,0.05,0.05,Best_RL
82,0.4345254898071289,0.4865439832210541,0.8913559913635254,5,0.0,0.05,0.05,Best_RL
83,0.20652127265930176,0.2508930563926697,0.4503839910030365,5,0.0,0.05,0.05,Best_RL
84,0.590857207775116,0.5978148579597473,0.9395729899406433,5,0.0,0.05,0.05,Best_RL
85,0.447304904460907,0.49403485655784607,0.7969676852226257,5,0.0,0.05,0.05,Best_RL
86,0.3927367329597473,0.4367747902870178,0.7444069385528564,5,0.0,0.05,0.05,Best_RL
87,0.47455382347106934,0.5773847699165344,0.8993896245956421,5,0.0,0.05,0.05,Best_RL
88,0.6755761504173279,0.6988006830215454,0.8520106673240662,5,0.0,0.05,0.05,Best_RL
89,0.5292357206344604,0.5343344807624817,0.9072437286376953,5,0.0,0.05,0.05,Best_RL
90,0.4999018609523773,0.519232451915741,0.6822216510772705,5,0.0,0.05,0.05,Best_RL
91,0.4980505108833313,0.5414654016494751,0.7324459552764893,5,0.0,0.05,0.05,Best_RL
92,0.5001540780067444,0.5256232619285583,0.6164006590843201,5,0.0,0.05,0.05,Best_RL
93,0.37081149220466614,0.384705513715744,0.9448156952857971,5,0.0,0.05,0.05,Best_RL
94,0.26904401183128357,0.2887972295284271,0.797170102596283,5,0.0,0.05,0.05,Best_RL
95,0.5714936852455139,0.6032093167304993,0.8323585987091064,5,0.0,0.05,0.05,Best_RL
96,0.6407082676887512,0.6558126211166382,0.8374631404876709,5,0.0,0.05,0.05,Best_RL
97,0.5870217084884644,0.649185299873352,0.7366306185722351,5,0.0,0.05,0.05,Best_RL
98,0.631861686706543,0.6711174249649048,0.8273929953575134,5,0.0,0.05,0.05,Best_RL
99,0.42640766501426697,0.4404299259185791,0.7009035348892212,5,0.0,0.05,0.05,Best_RL
0,0.4833811819553375,0.5151547789573669,0.8539780378341675,5,0.0,0.05,0.1,Best_RL
1,0.48644232749938965,0.5989018082618713,0.9547074437141418,5,0.0,0.05,0.1,Best_RL
2,0.5390310883522034,0.5301412343978882,0.7978114485740662,5,0.0,0.05,0.1,Best_RL
3,0.4866332411766052,0.5370560884475708,0.9629623889923096,5,0.0,0.05,0.1,Best_RL
4,0.5734841823577881,0.6326268911361694,0.8300817012786865,5,0.0,0.05,0.1,Best_RL
5,0.5529014468193054,0.5519672632217407,0.8994788527488708,5,0.0,0.05,0.1,Best_RL
6,0.5715183615684509,0.653826892375946,0.8373116850852966,5,0.0,0.05,0.1,Best_RL
7,0.381197988986969,0.437922865152359,0.6009863615036011,5,0.0,0.05,0.1,Best_RL
8,0.544797420501709,0.611375629901886,0.7982154488563538,5,0.0,0.05,0.1,Best_RL
9,0.4175460934638977,0.43884602189064026,0.7657608985900879,5,0.0,0.05,0.1,Best_RL
10,0.4636823236942291,0.4904860556125641,0.6311250329017639,5,0.0,0.05,0.1,Best_RL
11,0.6560889482498169,0.6922028660774231,0.9586285948753357,5,0.0,0.05,0.1,Best_RL
12,0.3118107318878174,0.37218040227890015,0.5477420687675476,5,0.0,0.05,0.1,Best_RL
13,0.31790104508399963,0.33613720536231995,0.5969956517219543,5,0.0,0.05,0.1,Best_RL
14,0.38365593552589417,0.4091101586818695,0.6175408959388733,5,0.0,0.05,0.1,Best_RL
15,0.3567975163459778,0.4088427424430847,0.755260169506073,5,0.0,0.05,0.1,Best_RL
16,0.4367445111274719,0.45261603593826294,0.6857659220695496,5,0.0,0.05,0.1,Best_RL
17,0.2701845169067383,0.24839675426483154,0.5571430921554565,5,0.0,0.05,0.1,Best_RL
18,0.5181695818901062,0.5419058799743652,0.880166232585907,5,0.0,0.05,0.1,Best_RL
19,0.5442608594894409,0.6353762149810791,0.9106571078300476,5,0.0,0.05,0.1,Best_RL
20,0.5894471406936646,0.5866190195083618,0.9226857423782349,5,0.0,0.05,0.1,Best_RL
21,0.3262048363685608,0.3834241032600403,0.7529214024543762,5,0.0,0.05,0.1,Best_RL
22,0.6673647165298462,0.6950082778930664,0.8434888124465942,5,0.0,0.05,0.1,Best_RL
23,0.5383246541023254,0.606707751750946,0.9152815341949463,5,0.0,0.05,0.1,Best_RL
24,0.3536279499530792,0.5621837377548218,0.8310776352882385,5,0.0,0.05,0.1,Best_RL
25,0.42033568024635315,0.41244691610336304,0.8660094141960144,5,0.0,0.05,0.1,Best_RL
26,0.48001670837402344,0.5239125490188599,0.8934366106987,5,0.0,0.05,0.1,Best_RL
27,0.3416612148284912,0.5018473267555237,0.7356172800064087,5,0.0,0.05,0.1,Best_RL
28,0.35067787766456604,0.3284183144569397,0.6669099926948547,5,0.0,0.05,0.1,Best_RL
29,0.4000939726829529,0.39359018206596375,0.7221498489379883,5,0.0,0.05,0.1,Best_RL
30,0.5828696489334106,0.5870060920715332,0.7869946360588074,5,0.0,0.05,0.1,Best_RL
31,0.5539044737815857,0.5641120076179504,0.9364027976989746,5,0.0,0.05,0.1,Best_RL
32,0.5926917791366577,0.6096762418746948,0.8682265877723694,5,0.0,0.05,0.1,Best_RL
33,0.35248586535453796,0.412761926651001,0.6257216930389404,5,0.0,0.05,0.1,Best_RL
34,0.6151543259620667,0.6261774897575378,0.9008626937866211,5,0.0,0.05,0.1,Best_RL
35,0.7114783525466919,0.7270041704177856,0.9153454303741455,5,0.0,0.05,0.1,Best_RL
36,0.3286522924900055,0.41640496253967285,0.7299074530601501,5,0.0,0.05,0.1,Best_RL
37,0.40167489647865295,0.49054384231567383,0.8518342971801758,5,0.0,0.05,0.1,Best_RL
38,0.3131963312625885,0.33939167857170105,0.8028134703636169,5,0.0,0.05,0.1,Best_RL
39,0.5086654424667358,0.5967952013015747,0.8883864879608154,5,0.0,0.05,0.1,Best_RL
40,0.4114047884941101,0.39845970273017883,0.8386827707290649,5,0.0,0.05,0.1,Best_RL
41,0.48751068115234375,0.4924636781215668,0.6790716648101807,5,0.0,0.05,0.1,Best_RL
42,0.5749050378799438,0.6174895167350769,0.890914261341095,5,0.0,0.05,0.1,Best_RL
43,0.4716053605079651,0.5142306685447693,0.8191052079200745,5,0.0,0.05,0.1,Best_RL
44,0.5600417852401733,0.5887378454208374,0.8989840745925903,5,0.0,0.05,0.1,Best_RL
45,0.6795610189437866,0.7242664694786072,0.8622050285339355,5,0.0,0.05,0.1,Best_RL
46,0.5878671407699585,0.6333037614822388,0.9149054884910583,5,0.0,0.05,0.1,Best_RL
47,0.5258208513259888,0.5552006959915161,0.7570900917053223,5,0.0,0.05,0.1,Best_RL
48,0.46221455931663513,0.4891197681427002,0.932719349861145,5,0.0,0.05,0.1,Best_RL
49,0.3779875338077545,0.43219971656799316,0.9493306875228882,5,0.0,0.05,0.1,Best_RL
50,0.6379534602165222,0.6530635952949524,0.8639227151870728,5,0.0,0.05,0.1,Best_RL
51,0.22251641750335693,0.3008345663547516,0.5053288340568542,5,0.0,0.05,0.1,Best_RL
52,0.4724156856536865,0.5415695309638977,0.8564836382865906,5,0.0,0.05,0.1,Best_RL
53,0.4152657985687256,0.47187677025794983,0.5889036655426025,5,0.0,0.05,0.1,Best_RL
54,0.3148084878921509,0.32520484924316406,0.8348832726478577,5,0.0,0.05,0.1,Best_RL
55,0.4460665285587311,0.44710230827331543,0.7838068604469299,5,0.0,0.05,0.1,Best_RL
56,0.30671724677085876,0.33454984426498413,0.743442177772522,5,0.0,0.05,0.1,Best_RL
57,0.37726345658302307,0.37956124544143677,0.536793053150177,5,0.0,0.05,0.1,Best_RL
58,0.42417964339256287,0.5031100511550903,0.8151438236236572,5,0.0,0.05,0.1,Best_RL
59,0.4135291576385498,0.4645616114139557,0.7467301487922668,5,0.0,0.05,0.1,Best_RL
60,0.550838828086853,0.6103870272636414,0.8298009037971497,5,0.0,0.05,0.1,Best_RL
61,0.21050362288951874,0.2060331553220749,0.5659775733947754,5,0.0,0.05,0.1,Best_RL
62,0.5210775136947632,0.557442307472229,0.7919941544532776,5,0.0,0.05,0.1,Best_RL
63,0.4774077832698822,0.4686739444732666,0.7599972486495972,5,0.0,0.05,0.1,Best_RL
64,0.6650989651679993,0.6544535756111145,0.9050470590591431,5,0.0,0.05,0.1,Best_RL
65,0.5314957499504089,0.6015283465385437,0.8556279540061951,5,0.0,0.05,0.1,Best_RL
66,0.24145114421844482,0.2734416723251343,0.7009125351905823,5,0.0,0.05,0.1,Best_RL
67,0.46798819303512573,0.4598933160305023,0.7621878981590271,5,0.0,0.05,0.1,Best_RL
68,0.3138183653354645,0.3452065587043762,0.6212571859359741,5,0.0,0.05,0.1,Best_RL
69,0.542202353477478,0.5226991176605225,0.6453272700309753,5,0.0,0.05,0.1,Best_RL
70,0.5685823559761047,0.637323260307312,0.8193086385726929,5,0.0,0.05,0.1,Best_RL
71,0.36202549934387207,0.40795302391052246,0.605885922908783,5,0.0,0.05,0.1,Best_RL
72,0.44873732328414917,0.45845827460289,0.7257522344589233,5,0.0,0.05,0.1,Best_RL
73,0.4422352910041809,0.49186253547668457,0.9712053537368774,5,0.0,0.05,0.1,Best_RL
74,0.2732054591178894,0.32915887236595154,0.9584044814109802,5,0.0,0.05,0.1,Best_RL
75,0.5971757769584656,0.626968502998352,0.8075796961784363,5,0.0,0.05,0.1,Best_RL
76,0.6457498669624329,0.6654938459396362,0.9159318208694458,5,0.0,0.05,0.1,Best_RL
77,0.32948392629623413,0.349989116191864,0.7171486616134644,5,0.0,0.05,0.1,Best_RL
78,0.43043461441993713,0.5440506935119629,0.7445497512817383,5,0.0,0.05,0.1,Best_RL
79,0.7327499389648438,0.7620528340339661,0.9372735619544983,5,0.0,0.05,0.1,Best_RL
80,0.6757423281669617,0.7072910070419312,0.9044405221939087,5,0.0,0.05,0.1,Best_RL
81,0.6131254434585571,0.6052947044372559,0.8893186450004578,5,0.0,0.05,0.1,Best_RL
82,0.47973448038101196,0.531234860420227,0.7609508633613586,5,0.0,0.05,0.1,Best_RL
83,0.36072996258735657,0.4337945878505707,0.6305081248283386,5,0.0,0.05,0.1,Best_RL
84,0.616531491279602,0.6523563265800476,0.8378118276596069,5,0.0,0.05,0.1,Best_RL
85,0.6008859872817993,0.6312330961227417,0.9197024703025818,5,0.0,0.05,0.1,Best_RL
86,0.40339285135269165,0.4206928312778473,0.833704948425293,5,0.0,0.05,0.1,Best_RL
87,0.5035463571548462,0.6305578947067261,0.769475519657135,5,0.0,0.05,0.1,Best_RL
88,0.39852413535118103,0.4386298656463623,0.806861400604248,5,0.0,0.05,0.1,Best_RL
89,0.4858585000038147,0.5575105547904968,0.8671616911888123,5,0.0,0.05,0.1,Best_RL
90,0.33853811025619507,0.32454386353492737,0.8458593487739563,5,0.0,0.05,0.1,Best_RL
91,0.5582306981086731,0.5770708322525024,0.9062811136245728,5,0.0,0.05,0.1,Best_RL
92,0.32007119059562683,0.37365198135375977,0.642188310623169,5,0.0,0.05,0.1,Best_RL
93,0.7855736017227173,0.8103963136672974,0.9394090175628662,5,0.0,0.05,0.1,Best_RL
94,0.6323219537734985,0.66161048412323,0.8775341510772705,5,0.0,0.05,0.1,Best_RL
95,0.7533428072929382,0.7715140581130981,0.9035820960998535,5,0.0,0.05,0.1,Best_RL
96,0.40861982107162476,0.4414401650428772,0.5586889386177063,5,0.0,0.05,0.1,Best_RL
97,0.5556501150131226,0.5788387060165405,0.7568304538726807,5,0.0,0.05,0.1,Best_RL
98,0.6664203405380249,0.7148334980010986,0.8312831521034241,5,0.0,0.05,0.1,Best_RL
99,0.4150438904762268,0.4490741789340973,0.7279872894287109,5,0.0,0.05,0.1,Best_RL
0,0.3218879699707031,0.3336505591869354,0.6824213266372681,5,0.0,0.1,0.01,Best_RL
1,0.541479766368866,0.5879752039909363,0.8127914071083069,5,0.0,0.1,0.01,Best_RL
2,0.4066864550113678,0.4201040267944336,0.7530845403671265,5,0.0,0.1,0.01,Best_RL
3,0.29172104597091675,0.3127150237560272,0.7110946774482727,5,0.0,0.1,0.01,Best_RL
4,0.4350733757019043,0.48465976119041443,0.8561641573905945,5,0.0,0.1,0.01,Best_RL
5,0.404604434967041,0.438309907913208,0.7975060343742371,5,0.0,0.1,0.01,Best_RL
6,0.641991913318634,0.6907852292060852,0.9007833003997803,5,0.0,0.1,0.01,Best_RL
7,0.5790799260139465,0.5807047486305237,0.807109534740448,5,0.0,0.1,0.01,Best_RL
8,0.13388630747795105,0.1351330429315567,0.6224341988563538,5,0.0,0.1,0.01,Best_RL
9,0.7533724904060364,0.7801107168197632,0.9041701555252075,5,0.0,0.1,0.01,Best_RL
10,0.5142871141433716,0.5313374400138855,0.8211652040481567,5,0.0,0.1,0.01,Best_RL
11,0.4487007260322571,0.4748445451259613,0.8027297854423523,5,0.0,0.1,0.01,Best_RL
12,0.6280642151832581,0.6313803791999817,0.7620231509208679,5,0.0,0.1,0.01,Best_RL
13,0.41965532302856445,0.44655856490135193,0.5863232612609863,5,0.0,0.1,0.01,Best_RL
14,0.6178125143051147,0.6298604011535645,0.9212972521781921,5,0.0,0.1,0.01,Best_RL
15,0.7187080383300781,0.734986424446106,0.8499699234962463,5,0.0,0.1,0.01,Best_RL
16,0.4889496862888336,0.5663434267044067,0.9154287576675415,5,0.0,0.1,0.01,Best_RL
17,0.7106837034225464,0.8018786311149597,0.9130415320396423,5,0.0,0.1,0.01,Best_RL
18,0.4423273503780365,0.46688151359558105,0.8585931658744812,5,0.0,0.1,0.01,Best_RL
19,0.6496216654777527,0.6740707159042358,0.9644055962562561,5,0.0,0.1,0.01,Best_RL
20,0.5521645545959473,0.5586170554161072,0.7265973687171936,5,0.0,0.1,0.01,Best_RL
21,0.4428943693637848,0.4612554907798767,0.9521567225456238,5,0.0,0.1,0.01,Best_RL
22,0.6256062984466553,0.6660696268081665,0.8753038644790649,5,0.0,0.1,0.01,Best_RL
23,0.5766240358352661,0.6019741296768188,0.9030389189720154,5,0.0,0.1,0.01,Best_RL
24,0.8018748164176941,0.823674201965332,0.8908275365829468,5,0.0,0.1,0.01,Best_RL
25,0.5702892541885376,0.6096238493919373,0.92463219165802,5,0.0,0.1,0.01,Best_RL
26,0.6566929221153259,0.6813852190971375,0.8580114841461182,5,0.0,0.1,0.01,Best_RL
27,0.594967246055603,0.627449631690979,0.8593046069145203,5,0.0,0.1,0.01,Best_RL
28,0.4362154006958008,0.4735942482948303,0.7048752307891846,5,0.0,0.1,0.01,Best_RL
29,0.4954959750175476,0.5432420372962952,0.7701735496520996,5,0.0,0.1,0.01,Best_RL
30,0.33395665884017944,0.35137680172920227,0.5757893323898315,5,0.0,0.1,0.01,Best_RL
31,0.5801197290420532,0.6474332809448242,0.7980887293815613,5,0.0,0.1,0.01,Best_RL
32,0.48833590745925903,0.5455833077430725,0.8988229632377625,5,0.0,0.1,0.01,Best_RL
33,0.42328137159347534,0.4250100553035736,0.8971933126449585,5,0.0,0.1,0.01,Best_RL
34,0.4801715910434723,0.4990220069885254,0.8722835183143616,5,0.0,0.1,0.01,Best_RL
35,0.5389636158943176,0.5650199055671692,0.8173935413360596,5,0.0,0.1,0.01,Best_RL
36,0.4329420030117035,0.45837315917015076,0.7535171508789062,5,0.0,0.1,0.01,Best_RL
37,0.48251086473464966,0.5132145881652832,0.7686930894851685,5,0.0,0.1,0.01,Best_RL
38,0.34871751070022583,0.36057719588279724,0.515017032623291,5,0.0,0.1,0.01,Best_RL
39,0.34215953946113586,0.34403058886528015,0.5918644070625305,5,0.0,0.1,0.01,Best_RL
40,0.4075454771518707,0.42760735750198364,0.7175081372261047,5,0.0,0.1,0.01,Best_RL
41,0.6795576214790344,0.7253750562667847,0.8941901326179504,5,0.0,0.1,0.01,Best_RL
42,0.5550693273544312,0.5850738883018494,0.8839969635009766,5,0.0,0.1,0.01,Best_RL
43,0.4721956253051758,0.4627090096473694,0.6174759864807129,5,0.0,0.1,0.01,Best_RL
44,0.6715771555900574,0.6891132593154907,0.878450870513916,5,0.0,0.1,0.01,Best_RL
45,0.2934652268886566,0.3127717971801758,0.41740623116493225,5,0.0,0.1,0.01,Best_RL
46,0.6037219166755676,0.6226153373718262,0.7284030318260193,5,0.0,0.1,0.01,Best_RL
47,0.7067541480064392,0.7405098080635071,0.923170804977417,5,0.0,0.1,0.01,Best_RL
48,0.5461716055870056,0.5612322092056274,0.7441514134407043,5,0.0,0.1,0.01,Best_RL
49,0.3695070743560791,0.3643360137939453,0.7380405068397522,5,0.0,0.1,0.01,Best_RL
50,0.5436372756958008,0.600359320640564,0.7975767254829407,5,0.0,0.1,0.01,Best_RL
51,0.3664399981498718,0.4191654324531555,0.8840288519859314,5,0.0,0.1,0.01,Best_RL
52,0.6761468052864075,0.7051928639411926,0.8645605444908142,5,0.0,0.1,0.01,Best_RL
53,0.6613599061965942,0.6875969767570496,0.90144282579422,5,0.0,0.1,0.01,Best_RL
54,0.5096410512924194,0.506034791469574,0.7183398604393005,5,0.0,0.1,0.01,Best_RL
55,0.3518206477165222,0.36290788650512695,0.6785247921943665,5,0.0,0.1,0.01,Best_RL
56,0.3596903383731842,0.36513540148735046,0.7010822892189026,5,0.0,0.1,0.01,Best_RL
57,0.5404635667800903,0.5619405508041382,0.8982275128364563,5,0.0,0.1,0.01,Best_RL
58,0.5145571231842041,0.5805965662002563,0.8329559564590454,5,0.0,0.1,0.01,Best_RL
59,0.44587960839271545,0.4812498688697815,0.7709845304489136,5,0.0,0.1,0.01,Best_RL
60,0.4179062843322754,0.4585875868797302,0.7955516576766968,5,0.0,0.1,0.01,Best_RL
61,0.37439829111099243,0.4156234860420227,0.8090665936470032,5,0.0,0.1,0.01,Best_RL
62,0.6593379974365234,0.718546450138092,0.953688383102417,5,0.0,0.1,0.01,Best_RL
63,0.433696985244751,0.5078416466712952,0.6836042404174805,5,0.0,0.1,0.01,Best_RL
64,0.2842421233654022,0.3039315342903137,0.6053196787834167,5,0.0,0.1,0.01,Best_RL
65,0.6066545248031616,0.6535090804100037,0.9106252789497375,5,0.0,0.1,0.01,Best_RL
66,0.5018147826194763,0.5098438262939453,0.893494188785553,5,0.0,0.1,0.01,Best_RL
67,0.4096097946166992,0.46579018235206604,0.8302749991416931,5,0.0,0.1,0.01,Best_RL
68,0.7244172096252441,0.7497031688690186,0.8158243298530579,5,0.0,0.1,0.01,Best_RL
69,0.6497973203659058,0.6594899296760559,0.7935457825660706,5,0.0,0.1,0.01,Best_RL
70,0.2585066854953766,0.32423534989356995,0.6572571396827698,5,0.0,0.1,0.01,Best_RL
71,0.6777224540710449,0.6966938376426697,0.8233327269554138,5,0.0,0.1,0.01,Best_RL
72,0.5816156268119812,0.5967533588409424,0.7403714656829834,5,0.0,0.1,0.01,Best_RL
73,0.7163810729980469,0.7443793416023254,0.9496328830718994,5,0.0,0.1,0.01,Best_RL
74,0.4830504357814789,0.534988284111023,0.8699682354927063,5,0.0,0.1,0.01,Best_RL
75,0.7442389726638794,0.7639274597167969,0.9306271076202393,5,0.0,0.1,0.01,Best_RL
76,0.48882055282592773,0.5556462407112122,0.7465566992759705,5,0.0,0.1,0.01,Best_RL
77,0.5980026125907898,0.6261359453201294,0.7859218716621399,5,0.0,0.1,0.01,Best_RL
78,0.6688308715820312,0.6888224482536316,0.7498546242713928,5,0.0,0.1,0.01,Best_RL
79,0.5680591464042664,0.6029330492019653,0.8886916041374207,5,0.0,0.1,0.01,Best_RL
80,0.6292473077774048,0.6524046063423157,0.8880293369293213,5,0.0,0.1,0.01,Best_RL
81,0.3514130413532257,0.37799662351608276,0.7428907752037048,5,0.0,0.1,0.01,Best_RL
82,0.32947009801864624,0.38628238439559937,0.8095972537994385,5,0.0,0.1,0.01,Best_RL
83,0.6356998682022095,0.6804776191711426,0.905471920967102,5,0.0,0.1,0.01,Best_RL
84,0.6124128103256226,0.6594715714454651,0.7942931056022644,5,0.0,0.1,0.01,Best_RL
85,0.5407437086105347,0.6064746975898743,0.8586030602455139,5,0.0,0.1,0.01,Best_RL
86,0.45773085951805115,0.5031725764274597,0.6504532694816589,5,0.0,0.1,0.01,Best_RL
87,0.3955874443054199,0.41218462586402893,0.8623684048652649,5,0.0,0.1,0.01,Best_RL
88,0.3484662175178528,0.3703360855579376,0.7370606064796448,5,0.0,0.1,0.01,Best_RL
89,0.6756638288497925,0.7502878904342651,0.9472366571426392,5,0.0,0.1,0.01,Best_RL
90,0.6454584002494812,0.6355147957801819,0.9630208611488342,5,0.0,0.1,0.01,Best_RL
91,0.4387795925140381,0.4845392107963562,0.6941272616386414,5,0.0,0.1,0.01,Best_RL
92,0.47800731658935547,0.5122579336166382,0.6898085474967957,5,0.0,0.1,0.01,Best_RL
93,0.6379324197769165,0.6716634631156921,0.8203511238098145,5,0.0,0.1,0.01,Best_RL
94,0.5002237558364868,0.5839078426361084,0.8158746957778931,5,0.0,0.1,0.01,Best_RL
95,0.44184136390686035,0.48211807012557983,0.880392849445343,5,0.0,0.1,0.01,Best_RL
96,0.6179035902023315,0.6682741641998291,0.8647855520248413,5,0.0,0.1,0.01,Best_RL
97,0.28467410802841187,0.2950820326805115,0.7376603484153748,5,0.0,0.1,0.01,Best_RL
98,0.4767270088195801,0.504669725894928,0.8742746114730835,5,0.0,0.1,0.01,Best_RL
99,0.49152249097824097,0.5071002244949341,0.741629958152771,5,0.0,0.1,0.01,Best_RL
0,0.6037670373916626,0.6730505228042603,0.8768245577812195,5,0.0,0.1,0.05,Best_RL
1,0.4491329789161682,0.5453026294708252,0.7418388724327087,5,0.0,0.1,0.05,Best_RL
2,0.6298552751541138,0.6602122783660889,0.9308137893676758,5,0.0,0.1,0.05,Best_RL
3,0.7131298780441284,0.6919490098953247,0.8847314119338989,5,0.0,0.1,0.05,Best_RL
4,0.7310306429862976,0.8030604124069214,0.8657032251358032,5,0.0,0.1,0.05,Best_RL
5,0.6731289029121399,0.7136110067367554,0.901561439037323,5,0.0,0.1,0.05,Best_RL
6,0.4817742705345154,0.5101285576820374,0.9005810022354126,5,0.0,0.1,0.05,Best_RL
7,0.24307017028331757,0.2926137149333954,0.6804834008216858,5,0.0,0.1,0.05,Best_RL
8,0.5721427202224731,0.6007070541381836,0.7810997366905212,5,0.0,0.1,0.05,Best_RL
9,0.5729691982269287,0.591152548789978,0.9243483543395996,5,0.0,0.1,0.05,Best_RL
10,0.48839062452316284,0.5359524488449097,0.8322259187698364,5,0.0,0.1,0.05,Best_RL
11,0.25541630387306213,0.31481438875198364,0.4251869320869446,5,0.0,0.1,0.05,Best_RL
12,0.6035300493240356,0.6474484205245972,0.9261417388916016,5,0.0,0.1,0.05,Best_RL
13,0.4535883963108063,0.5390007495880127,0.6754046082496643,5,0.0,0.1,0.05,Best_RL
14,0.6324711441993713,0.6897596120834351,0.9612185955047607,5,0.0,0.1,0.05,Best_RL
15,0.35577458143234253,0.38588181138038635,0.5606352090835571,5,0.0,0.1,0.05,Best_RL
16,0.5183801054954529,0.4891480803489685,0.9061045050621033,5,0.0,0.1,0.05,Best_RL
17,0.7446516752243042,0.753372073173523,0.9216033220291138,5,0.0,0.1,0.05,Best_RL
18,0.5061960816383362,0.5330626368522644,0.747800886631012,5,0.0,0.1,0.05,Best_RL
19,0.4194909930229187,0.5158348083496094,0.7780674695968628,5,0.0,0.1,0.05,Best_RL
20,0.4935433268547058,0.5502818822860718,0.837016224861145,5,0.0,0.1,0.05,Best_RL
21,0.43224892020225525,0.45144185423851013,0.7053737044334412,5,0.0,0.1,0.05,Best_RL
22,0.4254571795463562,0.4743940830230713,0.5376307964324951,5,0.0,0.1,0.05,Best_RL
23,0.2700551152229309,0.29133063554763794,0.7959564328193665,5,0.0,0.1,0.05,Best_RL
24,0.5016535520553589,0.5285485982894897,0.6035648584365845,5,0.0,0.1,0.05,Best_RL
25,0.6325780153274536,0.6592646837234497,0.8555888533592224,5,0.0,0.1,0.05,Best_RL
26,0.4325047433376312,0.4475897252559662,0.6361939311027527,5,0.0,0.1,0.05,Best_RL
27,0.5503290891647339,0.5660709142684937,0.7304705381393433,5,0.0,0.1,0.05,Best_RL
28,0.6322250366210938,0.6384215354919434,0.9083163738250732,5,0.0,0.1,0.05,Best_RL
29,0.5064917206764221,0.533964991569519,0.9743785262107849,5,0.0,0.1,0.05,Best_RL
30,0.6521444320678711,0.678747832775116,0.8928520083427429,5,0.0,0.1,0.05,Best_RL
31,0.5067263841629028,0.5306690335273743,0.8912667036056519,5,0.0,0.1,0.05,Best_RL
32,0.5193646550178528,0.5633412003517151,0.870601236820221,5,0.0,0.1,0.05,Best_RL
33,0.3667502999305725,0.44891873002052307,0.752093493938446,5,0.0,0.1,0.05,Best_RL
34,0.30641618371009827,0.4608539640903473,0.49223750829696655,5,0.0,0.1,0.05,Best_RL
35,0.702968955039978,0.7234333157539368,0.9347789287567139,5,0.0,0.1,0.05,Best_RL
36,0.4405290484428406,0.4989086985588074,0.6241182088851929,5,0.0,0.1,0.05,Best_RL
37,0.6142062544822693,0.6255233287811279,0.889355480670929,5,0.0,0.1,0.05,Best_RL
38,0.5426514148712158,0.5967562198638916,0.9115033745765686,5,0.0,0.1,0.05,Best_RL
39,0.4307035803794861,0.44391974806785583,0.7807477712631226,5,0.0,0.1,0.05,Best_RL
40,0.5337156653404236,0.5940786600112915,0.7827717065811157,5,0.0,0.1,0.05,Best_RL
41,0.5122326612472534,0.545644998550415,0.7094439268112183,5,0.0,0.1,0.05,Best_RL
42,0.5646302700042725,0.5966145396232605,0.8436618447303772,5,0.0,0.1,0.05,Best_RL
43,0.4991534352302551,0.5428794622421265,0.8006399273872375,5,0.0,0.1,0.05,Best_RL
44,0.6611112356185913,0.6942033767700195,0.850679337978363,5,0.0,0.1,0.05,Best_RL
45,0.43657559156417847,0.4773266911506653,0.7157111763954163,5,0.0,0.1,0.05,Best_RL
46,0.32919323444366455,0.3131003975868225,0.9294386506080627,5,0.0,0.1,0.05,Best_RL
47,0.5870844721794128,0.5891164541244507,0.8105462193489075,5,0.0,0.1,0.05,Best_RL
48,0.606784999370575,0.6419392824172974,0.8429358005523682,5,0.0,0.1,0.05,Best_RL
49,0.7361230850219727,0.7507098317146301,0.9645934700965881,5,0.0,0.1,0.05,Best_RL
50,0.6417729258537292,0.6136925220489502,0.8927056789398193,5,0.0,0.1,0.05,Best_RL
51,0.5937803387641907,0.6298152208328247,0.8888847231864929,5,0.0,0.1,0.05,Best_RL
52,0.5032163858413696,0.5328347086906433,0.687786340713501,5,0.0,0.1,0.05,Best_RL
53,0.6669015288352966,0.724432110786438,0.8812910318374634,5,0.0,0.1,0.05,Best_RL
54,0.5712209939956665,0.5879486799240112,0.6992059946060181,5,0.0,0.1,0.05,Best_RL
55,0.6522444486618042,0.6785105466842651,0.9393632411956787,5,0.0,0.1,0.05,Best_RL
56,0.6107925176620483,0.6478622555732727,0.9253998398780823,5,0.0,0.1,0.05,Best_RL
57,0.3967605531215668,0.40632063150405884,0.7381283640861511,5,0.0,0.1,0.05,Best_RL
58,0.5366834998130798,0.6167380213737488,0.8701289296150208,5,0.0,0.1,0.05,Best_RL
59,0.547410786151886,0.5788362622261047,0.6395450830459595,5,0.0,0.1,0.05,Best_RL
60,0.6792894601821899,0.7036581039428711,0.8455655574798584,5,0.0,0.1,0.05,Best_RL
61,0.6126251816749573,0.6380525231361389,0.926596999168396,5,0.0,0.1,0.05,Best_RL
62,0.5260049104690552,0.5422579646110535,0.8630397915840149,5,0.0,0.1,0.05,Best_RL
63,0.5448606610298157,0.5755561590194702,0.9489761590957642,5,0.0,0.1,0.05,Best_RL
64,0.5331785678863525,0.5479528307914734,0.8215591907501221,5,0.0,0.1,0.05,Best_RL
65,0.6726462841033936,0.7218616008758545,0.9385238289833069,5,0.0,0.1,0.05,Best_RL
66,0.4741292893886566,0.5075618028640747,0.9178486466407776,5,0.0,0.1,0.05,Best_RL
67,0.5318965315818787,0.5427426099777222,0.8205192685127258,5,0.0,0.1,0.05,Best_RL
68,0.39836180210113525,0.4362660050392151,0.6608296036720276,5,0.0,0.1,0.05,Best_RL
69,0.3432252109050751,0.4747319221496582,0.8588084578514099,5,0.0,0.1,0.05,Best_RL
70,0.5834258794784546,0.5999203324317932,0.7701066136360168,5,0.0,0.1,0.05,Best_RL
71,0.6542772650718689,0.6789800524711609,0.9139097929000854,5,0.0,0.1,0.05,Best_RL
72,0.656505286693573,0.634135901927948,0.9237393140792847,5,0.0,0.1,0.05,Best_RL
73,0.5583783984184265,0.5825998187065125,0.9009761810302734,5,0.0,0.1,0.05,Best_RL
74,0.5346077084541321,0.5739637613296509,0.9910352230072021,5,0.0,0.1,0.05,Best_RL
75,0.6496526002883911,0.672899067401886,0.9011270403862,5,0.0,0.1,0.05,Best_RL
76,0.3803315758705139,0.4078241288661957,0.6710447669029236,5,0.0,0.1,0.05,Best_RL
77,0.6042652726173401,0.6189214587211609,0.7511451244354248,5,0.0,0.1,0.05,Best_RL
78,0.5210280418395996,0.4778933525085449,0.6904433369636536,5,0.0,0.1,0.05,Best_RL
79,0.7307382225990295,0.7969985008239746,0.874829113483429,5,0.0,0.1,0.05,Best_RL
80,0.35268622636795044,0.359995573759079,0.7843194603919983,5,0.0,0.1,0.05,Best_RL
81,0.34119853377342224,0.39168936014175415,0.6651818752288818,5,0.0,0.1,0.05,Best_RL
82,0.49315133690834045,0.5171425342559814,0.7505105137825012,5,0.0,0.1,0.05,Best_RL
83,0.5036340951919556,0.5312327146530151,0.8228604197502136,5,0.0,0.1,0.05,Best_RL
84,0.39452892541885376,0.4426363408565521,0.6725168228149414,5,0.0,0.1,0.05,Best_RL
85,0.6354373693466187,0.7008885145187378,0.8269257545471191,5,0.0,0.1,0.05,Best_RL
86,0.3964090943336487,0.45222634077072144,0.7787312269210815,5,0.0,0.1,0.05,Best_RL
87,0.5755230188369751,0.6040900945663452,0.8588965535163879,5,0.0,0.1,0.05,Best_RL
88,0.5925613641738892,0.6112557649612427,0.9136785864830017,5,0.0,0.1,0.05,Best_RL
89,0.6159467697143555,0.6583807468414307,0.8741207718849182,5,0.0,0.1,0.05,Best_RL
90,0.5311338901519775,0.5537965893745422,0.7359015941619873,5,0.0,0.1,0.05,Best_RL
91,0.34645453095436096,0.3751920461654663,0.9483593702316284,5,0.0,0.1,0.05,Best_RL
92,0.3048069477081299,0.35184186697006226,0.8029692769050598,5,0.0,0.1,0.05,Best_RL
93,0.44896143674850464,0.4682491421699524,0.7970103621482849,5,0.0,0.1,0.05,Best_RL
94,0.6477237939834595,0.7025165557861328,0.8332347273826599,5,0.0,0.1,0.05,Best_RL
95,0.3182176649570465,0.37336423993110657,0.7850828766822815,5,0.0,0.1,0.05,Best_RL
96,0.660872757434845,0.6607390642166138,0.8763853311538696,5,0.0,0.1,0.05,Best_RL
97,0.5015510320663452,0.5435658693313599,0.8246546387672424,5,0.0,0.1,0.05,Best_RL
98,0.6410188674926758,0.6837085485458374,0.8857892155647278,5,0.0,0.1,0.05,Best_RL
99,0.3311651349067688,0.3635513484477997,0.49355483055114746,5,0.0,0.1,0.05,Best_RL
0,0.5257371068000793,0.5081740617752075,0.8680399656295776,5,0.0,0.1,0.1,Best_RL
1,0.5518755912780762,0.5924245119094849,0.8042348027229309,5,0.0,0.1,0.1,Best_RL
2,0.5132822394371033,0.5486034750938416,0.9051916003227234,5,0.0,0.1,0.1,Best_RL
3,0.42698246240615845,0.4416099190711975,0.8195573687553406,5,0.0,0.1,0.1,Best_RL
4,0.44194507598876953,0.49079981446266174,0.8849942088127136,5,0.0,0.1,0.1,Best_RL
5,0.5858618021011353,0.6726388931274414,0.8646343350410461,5,0.0,0.1,0.1,Best_RL
6,0.41768568754196167,0.46588200330734253,0.7825738191604614,5,0.0,0.1,0.1,Best_RL
7,0.6836188435554504,0.7112339735031128,0.9241827130317688,5,0.0,0.1,0.1,Best_RL
8,0.6153261065483093,0.6654366254806519,0.9463838934898376,5,0.0,0.1,0.1,Best_RL
9,0.47693338990211487,0.5254168510437012,0.9162319898605347,5,0.0,0.1,0.1,Best_RL
10,0.24459579586982727,0.33756545186042786,0.5943024754524231,5,0.0,0.1,0.1,Best_RL
11,0.5690001249313354,0.6193569898605347,0.9110386967658997,5,0.0,0.1,0.1,Best_RL
12,0.4472716450691223,0.49811702966690063,0.7700241208076477,5,0.0,0.1,0.1,Best_RL
13,0.3835681974887848,0.3806416392326355,0.725419819355011,5,0.0,0.1,0.1,Best_RL
14,0.4360279440879822,0.44079142808914185,0.8027155995368958,5,0.0,0.1,0.1,Best_RL
15,0.47650042176246643,0.4745987057685852,0.9637467861175537,5,0.0,0.1,0.1,Best_RL
16,0.26659923791885376,0.3804691731929779,0.7461858987808228,5,0.0,0.1,0.1,Best_RL
17,0.548119843006134,0.6173875331878662,0.8730162978172302,5,0.0,0.1,0.1,Best_RL
18,0.45578303933143616,0.5220847129821777,0.7617009878158569,5,0.0,0.1,0.1,Best_RL
19,0.6456722021102905,0.6908231973648071,0.8965650200843811,5,0.0,0.1,0.1,Best_RL
20,0.44027042388916016,0.43793195486068726,0.8287383913993835,5,0.0,0.1,0.1,Best_RL
21,0.5329878330230713,0.5244764089584351,0.8457068204879761,5,0.0,0.1,0.1,Best_RL
22,0.3788599371910095,0.3920948803424835,0.6298648118972778,5,0.0,0.1,0.1,Best_RL
23,0.38698452711105347,0.42356282472610474,0.7745296359062195,5,0.0,0.1,0.1,Best_RL
24,0.4603194296360016,0.4706897735595703,0.6982914209365845,5,0.0,0.1,0.1,Best_RL
25,0.4851933419704437,0.5470613241195679,0.7779945135116577,5,0.0,0.1,0.1,Best_RL
26,0.4407978057861328,0.525875985622406,0.8343325257301331,5,0.0,0.1,0.1,Best_RL
27,0.6852574944496155,0.7397898435592651,0.9124062061309814,5,0.0,0.1,0.1,Best_RL
28,0.3801257312297821,0.4135470390319824,0.829052746295929,5,0.0,0.1,0.1,Best_RL
29,0.42865628004074097,0.4511074125766754,0.8118423819541931,5,0.0,0.1,0.1,Best_RL
30,0.45504307746887207,0.5114587545394897,0.6933467388153076,5,0.0,0.1,0.1,Best_RL
31,0.5518976449966431,0.5999091267585754,0.8346648812294006,5,0.0,0.1,0.1,Best_RL
32,0.40233340859413147,0.5352363586425781,0.9509550333023071,5,0.0,0.1,0.1,Best_RL
33,0.4206724762916565,0.44673460721969604,0.8837034106254578,5,0.0,0.1,0.1,Best_RL
34,0.49483394622802734,0.5635074377059937,0.8510442972183228,5,0.0,0.1,0.1,Best_RL
35,0.23599544167518616,0.23384062945842743,0.5828688144683838,5,0.0,0.1,0.1,Best_RL
36,0.37463316321372986,0.40059852600097656,0.69456946849823,5,0.0,0.1,0.1,Best_RL
37,0.452289342880249,0.4669662415981293,0.786863386631012,5,0.0,0.1,0.1,Best_RL
38,0.4107810854911804,0.397659033536911,0.6705039143562317,5,0.0,0.1,0.1,Best_RL
39,0.35133570432662964,0.4380461275577545,0.7552825808525085,5,0.0,0.1,0.1,Best_RL
40,0.6516611576080322,0.7170293927192688,0.9129130840301514,5,0.0,0.1,0.1,Best_RL
41,0.5705457925796509,0.6060419678688049,0.7642561197280884,5,0.0,0.1,0.1,Best_RL
42,0.5985670685768127,0.6060114502906799,0.8038638830184937,5,0.0,0.1,0.1,Best_RL
43,0.39181461930274963,0.45239585638046265,0.5927237272262573,5,0.0,0.1,0.1,Best_RL
44,0.3272610604763031,0.38581520318984985,0.854824423789978,5,0.0,0.1,0.1,Best_RL
45,0.6060757040977478,0.6760370135307312,0.9200333952903748,5,0.0,0.1,0.1,Best_RL
46,0.3631013035774231,0.4614810049533844,0.7984206080436707,5,0.0,0.1,0.1,Best_RL
